"","CMKT","CSMB","CMOM"
"CMKT",1,-0.749381796832519,-0.742446507004792
"CSMB",-0.749381796832519,1,0.809473452627666
"CMOM",-0.742446507004792,0.809473452627666,1
